{"units": 416, "dropout": 0.30000000000000004, "learning_rate": 0.00010991920429240618}